feature_name,importance
numeric__high_amount_flag,0.103587784
numeric__suspicious_provider_flag,0.046175033
numeric__claim_amount,0.016243655
numeric__time_since_last_claim_days_filled,0.009365361
numeric__recent_claim_flag,0.008877282
numeric__policy_recent_flag,0.0077501833
categorical__service_provider_id_SP-017,0.0075375014
categorical__location_Cannes,0.0070425672
categorical__service_provider_id_SP-058,0.0065829633
categorical__service_provider_id_SP-074,0.0065518003
categorical__service_provider_id_SP-050,0.0064799134
categorical__claim_type_windshield,0.006436456
categorical__service_provider_id_SP-083,0.006242242
categorical__service_provider_id_SP-110,0.0061745127
categorical__service_provider_id_SP-033,0.0061251544
categorical__service_provider_id_SP-090,0.006121006
categorical__service_provider_id_SP-069,0.006037641
categorical__service_provider_id_SP-049,0.0060233255
categorical__service_provider_id_SP-084,0.0060226806
categorical__service_provider_id_SP-036,0.006022058
categorical__service_provider_id_SP-082,0.006021548
categorical__service_provider_id_SP-063,0.006015721
categorical__service_provider_id_SP-077,0.005869506
categorical__service_provider_id_SP-044,0.005857615
categorical__location_Tours,0.005793893
categorical__service_provider_id_SP-057,0.005775454
categorical__service_provider_id_SP-034,0.0057512997
categorical__service_provider_id_SP-111,0.005739585
categorical__location_Rennes,0.0057061384
categorical__service_provider_id_SP-016,0.0056932964
categorical__service_provider_id_SP-113,0.0056303996
categorical__service_provider_id_SP-066,0.0056046243
categorical__service_provider_id_SP-056,0.0055714445
categorical__location_Perpignan,0.005567629
categorical__service_provider_id_SP-040,0.005522363
categorical__service_provider_id_SP-024,0.0055025043
categorical__location_Limoges,0.005411456
categorical__location_Marseille,0.0054058386
categorical__service_provider_id_SP-052,0.0053611863
categorical__service_provider_id_SP-051,0.0053296117
categorical__service_provider_id_SP-092,0.0053209327
numeric__policy_age_days,0.005302968
categorical__service_provider_id_SP-028,0.00529262
categorical__service_provider_id_SP-096,0.0052612913
categorical__service_provider_id_SP-009,0.005241527
categorical__service_provider_id_SP-025,0.005226716
categorical__service_provider_id_SP-055,0.0052068913
categorical__service_provider_id_SP-046,0.00518881
categorical__claim_type_water_damage,0.0051714852
categorical__location_Saint-Étienne,0.0051265853
categorical__claim_type_hail_damage,0.0051179836
categorical__service_provider_id_SP-002,0.0050974484
categorical__service_provider_id_SP-105,0.0050668083
categorical__service_provider_id_SP-075,0.005033154
categorical__location_Orléans,0.005013152
categorical__location_Clermont-Ferrand,0.0049850284
categorical__location_Amiens,0.0049788356
categorical__location_Le Mans,0.004978109
numeric__claim_quarter,0.004974859
categorical__location_Reims,0.004942762
categorical__service_provider_id_SP-068,0.004934138
categorical__service_provider_id_SP-108,0.004904973
numeric__missing_last_claim_flag,0.004890877
categorical__location_Metz,0.004876058
categorical__service_provider_id_SP-091,0.0048735873
categorical__service_provider_id_SP-012,0.004859459
categorical__service_provider_id_SP-119,0.0048524225
categorical__service_provider_id_SP-089,0.0048470153
categorical__service_provider_id_SP-008,0.0048076813
numeric__claim_amount_to_policy_age,0.004772536
categorical__service_provider_id_SP-078,0.0047720848
categorical__location_Nîmes,0.0047693057
categorical__service_provider_id_SP-102,0.004755152
categorical__service_provider_id_SP-088,0.0047068186
categorical__service_provider_id_SP-048,0.0047028163
categorical__service_provider_id_SP-067,0.004699395
categorical__service_provider_id_SP-114,0.0046889912
categorical__service_provider_id_SP-006,0.004676899
categorical__customer_age_band_65+,0.004671755
categorical__service_provider_id_SP-004,0.0046499977
categorical__location_Lille,0.0046030106
categorical__service_provider_id_SP-032,0.004594795
numeric__amount_per_previous_claim,0.0045554354
numeric__num_previous_claims,0.0045343353
categorical__service_provider_id_SP-070,0.0045249723
categorical__service_provider_id_SP-118,0.0045152735
categorical__service_provider_id_SP-093,0.004483434
categorical__service_provider_id_SP-054,0.0044642263
categorical__service_provider_id_SP-005,0.0044640563
categorical__weather_condition_rain,0.0044613834
categorical__service_provider_id_SP-047,0.004460028
categorical__service_provider_id_SP-097,0.0044549806
categorical__weather_condition_fog,0.0044412627
categorical__location_Strasbourg,0.0044315634
categorical__service_provider_id_SP-099,0.0044113817
categorical__service_provider_id_SP-072,0.0043968176
categorical__service_provider_id_SP-085,0.004374353
categorical__location_Nancy,0.004367835
categorical__location_Nantes,0.00432442
categorical__service_provider_id_SP-035,0.0042993
categorical__service_provider_id_SP-103,0.0042956644
categorical__service_provider_id_SP-018,0.004285244
categorical__location_Bordeaux,0.004279622
numeric__claim_weekday,0.004238573
categorical__location_Nice,0.0042373147
categorical__service_provider_id_SP-003,0.004228892
categorical__service_provider_id_SP-073,0.0042188847
categorical__service_provider_id_SP-026,0.0042060013
categorical__service_provider_id_SP-064,0.004191439
numeric__claim_month,0.00418791
categorical__location_Annecy,0.004187308
categorical__customer_age_band_35-49,0.0041871155
numeric__customer_age,0.0041284147
categorical__service_provider_id_SP-087,0.0041257213
categorical__weather_condition_clear,0.0041133976
categorical__claim_type_collision,0.004108838
categorical__service_provider_id_SP-059,0.004103628
categorical__service_provider_id_SP-020,0.0040906575
categorical__customer_age_band_18-24,0.004081776
categorical__weather_condition_storm,0.004078575
categorical__location_Le Havre,0.004070196
categorical__location_Aix-en-Provence,0.004053631
categorical__location_Angers,0.0040536267
categorical__location_Montpellier,0.0039804983
categorical__service_provider_id_SP-011,0.003958979
categorical__service_provider_id_SP-062,0.003949065
categorical__service_provider_id_SP-100,0.0039062803
categorical__customer_age_band_50-64,0.003904895
categorical__service_provider_id_SP-043,0.0038481178
categorical__service_provider_id_SP-104,0.0038211297
categorical__weather_condition_snow,0.003818636
categorical__service_provider_id_SP-001,0.0038151238
categorical__location_Lyon,0.003804081
categorical__location_Paris,0.0037815224
categorical__service_provider_id_SP-039,0.0037651148
categorical__service_provider_id_SP-071,0.0037550533
categorical__location_Toulouse,0.0037273064
categorical__service_provider_id_SP-060,0.0037188097
categorical__location_Grenoble,0.0037145664
categorical__location_Dijon,0.0036985583
categorical__location_La Rochelle,0.0036930207
categorical__service_provider_id_SP-116,0.0036925229
categorical__service_provider_id_SP-045,0.0036889783
categorical__location_Brest,0.0036887713
categorical__service_provider_id_SP-015,0.003680631
categorical__service_provider_id_SP-065,0.0036687923
categorical__service_provider_id_SP-042,0.0036576928
categorical__service_provider_id_SP-081,0.0036502017
categorical__service_provider_id_SP-023,0.0036404538
categorical__customer_age_band_25-34,0.003626471
categorical__weather_condition_hail,0.0036179065
categorical__location_Caen,0.0035993166
categorical__claim_type_bodily_injury,0.0035856934
categorical__service_provider_id_SP-007,0.003564723
categorical__location_Toulon,0.003559018
categorical__service_provider_id_SP-019,0.0035465704
categorical__service_provider_id_SP-112,0.003546022
categorical__service_provider_id_SP-014,0.0035147967
categorical__service_provider_id_SP-117,0.0035081326
categorical__service_provider_id_SP-095,0.0034463243
categorical__service_provider_id_SP-080,0.0034055517
categorical__weather_condition_heatwave,0.0033797699
categorical__location_Saint-Malo,0.0033791661
categorical__service_provider_id_SP-037,0.0033698527
categorical__service_provider_id_SP-061,0.0033515664
categorical__service_provider_id_SP-027,0.0033405672
categorical__service_provider_id_SP-098,0.0032708654
categorical__claim_type_theft,0.0031945563
categorical__service_provider_id_SP-029,0.0031777774
categorical__service_provider_id_SP-030,0.0030774113
categorical__service_provider_id_SP-038,0.002965644
categorical__service_provider_id_SP-120,0.002954446
categorical__service_provider_id_SP-013,0.002922215
categorical__service_provider_id_SP-115,0.0028906402
categorical__service_provider_id_SP-031,0.0028746887
categorical__service_provider_id_SP-106,0.002859623
categorical__location_Villeurbanne,0.0028495977
categorical__service_provider_id_SP-076,0.0028004267
categorical__service_provider_id_SP-086,0.002751836
categorical__service_provider_id_SP-021,0.0027270995
categorical__claim_type_fire,0.002670572
categorical__location_Ajaccio,0.002646683
categorical__service_provider_id_SP-109,0.0025502255
categorical__service_provider_id_SP-022,0.0024258737
categorical__service_provider_id_SP-041,0.0023965188
categorical__service_provider_id_SP-079,0.0023177788
categorical__service_provider_id_SP-010,0.0022572018
categorical__service_provider_id_SP-094,0.0022412925
categorical__service_provider_id_SP-107,0.0019365764
categorical__service_provider_id_SP-053,0.001314263
categorical__service_provider_id_SP-101,0.0008705396
